<metadata xml:lang="en"><Esri><CreaDate>20150902</CreaDate><CreaTime>16175200</CreaTime><ArcGISFormat>1.0</ArcGISFormat><ArcGISstyle>North American Profile of ISO19115 2003</ArcGISstyle><SyncOnce>FALSE</SyncOnce><DataProperties><lineage><Process Name="Create Feature Class (2)" ToolSource="c:\program files (x86)\arcgis\desktop10.1\ArcToolbox\Toolboxes\Data Management Tools.tbx\CreateFeatureclass" Date="20150629" Time="141215">CreateFeatureclass \\os.uga.edu\onu-ocha\working\Process_Files\CODServices\CreateTemplateGDB\XXX_AdminBoundaries_working.gdb\Data_Layers Admin1 POLYGON # DISABLED DISABLED # # 0 0 0</Process><Process Name="Add Field (4)" ToolSource="c:\program files (x86)\arcgis\desktop10.1\ArcToolbox\Toolboxes\Data Management Tools.tbx\AddField" Date="20150629" Time="141217">AddField \\os.uga.edu\onu-ocha\working\Process_Files\CODServices\CreateTemplateGDB\XXX_AdminBoundaries_working.gdb\Data_Layers\Admin1 admin1Name_en TEXT # # 50 # NULLABLE NON_REQUIRED #</Process><Process Name="Add Field (4)" ToolSource="c:\program files (x86)\arcgis\desktop10.1\ArcToolbox\Toolboxes\Data Management Tools.tbx\AddField" Date="20150629" Time="141217">AddField \\os.uga.edu\onu-ocha\working\Process_Files\CODServices\CreateTemplateGDB\XXX_AdminBoundaries_working.gdb\Data_Layers\Admin1 admin1Name_fr TEXT # # 50 # NULLABLE NON_REQUIRED #</Process><Process Name="Add Field (4)" ToolSource="c:\program files (x86)\arcgis\desktop10.1\ArcToolbox\Toolboxes\Data Management Tools.tbx\AddField" Date="20150629" Time="141218">AddField \\os.uga.edu\onu-ocha\working\Process_Files\CODServices\CreateTemplateGDB\XXX_AdminBoundaries_working.gdb\Data_Layers\Admin1 admin1Name_ar TEXT # # 50 # NULLABLE NON_REQUIRED #</Process><Process Name="Add Field (4)" ToolSource="c:\program files (x86)\arcgis\desktop10.1\ArcToolbox\Toolboxes\Data Management Tools.tbx\AddField" Date="20150629" Time="141219">AddField \\os.uga.edu\onu-ocha\working\Process_Files\CODServices\CreateTemplateGDB\XXX_AdminBoundaries_working.gdb\Data_Layers\Admin1 admin1Name_es TEXT # # 50 # NULLABLE NON_REQUIRED #</Process><Process Name="Add Field (4)" ToolSource="c:\program files (x86)\arcgis\desktop10.1\ArcToolbox\Toolboxes\Data Management Tools.tbx\AddField" Date="20150629" Time="141220">AddField \\os.uga.edu\onu-ocha\working\Process_Files\CODServices\CreateTemplateGDB\XXX_AdminBoundaries_working.gdb\Data_Layers\Admin1 admin1Pcode TEXT # # 50 # NULLABLE NON_REQUIRED #</Process><Process Name="Add Field (4)" ToolSource="c:\program files (x86)\arcgis\desktop10.1\ArcToolbox\Toolboxes\Data Management Tools.tbx\AddField" Date="20150629" Time="141221">AddField \\os.uga.edu\onu-ocha\working\Process_Files\CODServices\CreateTemplateGDB\XXX_AdminBoundaries_working.gdb\Data_Layers\Admin1 admin1RefName TEXT # # 50 # NULLABLE NON_REQUIRED #</Process><Process Name="Add Field (4)" ToolSource="c:\program files (x86)\arcgis\desktop10.1\ArcToolbox\Toolboxes\Data Management Tools.tbx\AddField" Date="20150629" Time="141221">AddField \\os.uga.edu\onu-ocha\working\Process_Files\CODServices\CreateTemplateGDB\XXX_AdminBoundaries_working.gdb\Data_Layers\Admin1 admin1AltName1_en TEXT # # 50 # NULLABLE NON_REQUIRED #</Process><Process Name="Add Field (4)" ToolSource="c:\program files (x86)\arcgis\desktop10.1\ArcToolbox\Toolboxes\Data Management Tools.tbx\AddField" Date="20150629" Time="141222">AddField \\os.uga.edu\onu-ocha\working\Process_Files\CODServices\CreateTemplateGDB\XXX_AdminBoundaries_working.gdb\Data_Layers\Admin1 admin1AltName2_en TEXT # # 50 # NULLABLE NON_REQUIRED #</Process><Process Name="Add Field (4)" ToolSource="c:\program files (x86)\arcgis\desktop10.1\ArcToolbox\Toolboxes\Data Management Tools.tbx\AddField" Date="20150629" Time="141223">AddField \\os.uga.edu\onu-ocha\working\Process_Files\CODServices\CreateTemplateGDB\XXX_AdminBoundaries_working.gdb\Data_Layers\Admin1 admin1AltName1_fr TEXT # # 50 # NULLABLE NON_REQUIRED #</Process><Process Name="Add Field (4)" ToolSource="c:\program files (x86)\arcgis\desktop10.1\ArcToolbox\Toolboxes\Data Management Tools.tbx\AddField" Date="20150629" Time="141224">AddField \\os.uga.edu\onu-ocha\working\Process_Files\CODServices\CreateTemplateGDB\XXX_AdminBoundaries_working.gdb\Data_Layers\Admin1 admin1AltName2_fr TEXT # # 50 # NULLABLE NON_REQUIRED #</Process><Process Name="Add Field (4)" ToolSource="c:\program files (x86)\arcgis\desktop10.1\ArcToolbox\Toolboxes\Data Management Tools.tbx\AddField" Date="20150629" Time="141225">AddField \\os.uga.edu\onu-ocha\working\Process_Files\CODServices\CreateTemplateGDB\XXX_AdminBoundaries_working.gdb\Data_Layers\Admin1 admin1AltName1_ar TEXT # # 50 # NULLABLE NON_REQUIRED #</Process><Process Name="Add Field (4)" ToolSource="c:\program files (x86)\arcgis\desktop10.1\ArcToolbox\Toolboxes\Data Management Tools.tbx\AddField" Date="20150629" Time="141225">AddField \\os.uga.edu\onu-ocha\working\Process_Files\CODServices\CreateTemplateGDB\XXX_AdminBoundaries_working.gdb\Data_Layers\Admin1 admin1AltName2_ar TEXT # # 50 # NULLABLE NON_REQUIRED #</Process><Process Name="Add Field (4)" ToolSource="c:\program files (x86)\arcgis\desktop10.1\ArcToolbox\Toolboxes\Data Management Tools.tbx\AddField" Date="20150629" Time="141226">AddField \\os.uga.edu\onu-ocha\working\Process_Files\CODServices\CreateTemplateGDB\XXX_AdminBoundaries_working.gdb\Data_Layers\Admin1 admin1AltName1_es TEXT # # 50 # NULLABLE NON_REQUIRED #</Process><Process Name="Add Field (4)" ToolSource="c:\program files (x86)\arcgis\desktop10.1\ArcToolbox\Toolboxes\Data Management Tools.tbx\AddField" Date="20150629" Time="141227">AddField \\os.uga.edu\onu-ocha\working\Process_Files\CODServices\CreateTemplateGDB\XXX_AdminBoundaries_working.gdb\Data_Layers\Admin1 admin1AltName2_es TEXT # # 50 # NULLABLE NON_REQUIRED #</Process><Process Name="Add Field (4)" ToolSource="c:\program files (x86)\arcgis\desktop10.1\ArcToolbox\Toolboxes\Data Management Tools.tbx\AddField" Date="20150629" Time="141228">AddField \\os.uga.edu\onu-ocha\working\Process_Files\CODServices\CreateTemplateGDB\XXX_AdminBoundaries_working.gdb\Data_Layers\Admin1 admin0Name_en TEXT # # 50 # NULLABLE NON_REQUIRED #</Process><Process Name="Add Field (4)" ToolSource="c:\program files (x86)\arcgis\desktop10.1\ArcToolbox\Toolboxes\Data Management Tools.tbx\AddField" Date="20150629" Time="141229">AddField \\os.uga.edu\onu-ocha\working\Process_Files\CODServices\CreateTemplateGDB\XXX_AdminBoundaries_working.gdb\Data_Layers\Admin1 admin0Name_fr TEXT # # 50 # NULLABLE NON_REQUIRED #</Process><Process Name="Add Field (4)" ToolSource="c:\program files (x86)\arcgis\desktop10.1\ArcToolbox\Toolboxes\Data Management Tools.tbx\AddField" Date="20150629" Time="141230">AddField \\os.uga.edu\onu-ocha\working\Process_Files\CODServices\CreateTemplateGDB\XXX_AdminBoundaries_working.gdb\Data_Layers\Admin1 admin0Name_ar TEXT # # 50 # NULLABLE NON_REQUIRED #</Process><Process Name="Add Field (4)" ToolSource="c:\program files (x86)\arcgis\desktop10.1\ArcToolbox\Toolboxes\Data Management Tools.tbx\AddField" Date="20150629" Time="141230">AddField \\os.uga.edu\onu-ocha\working\Process_Files\CODServices\CreateTemplateGDB\XXX_AdminBoundaries_working.gdb\Data_Layers\Admin1 admin0Name_es TEXT # # 50 # NULLABLE NON_REQUIRED #</Process><Process Name="Add Field (4)" ToolSource="c:\program files (x86)\arcgis\desktop10.1\ArcToolbox\Toolboxes\Data Management Tools.tbx\AddField" Date="20150629" Time="141231">AddField \\os.uga.edu\onu-ocha\working\Process_Files\CODServices\CreateTemplateGDB\XXX_AdminBoundaries_working.gdb\Data_Layers\Admin1 admin0Pcode TEXT # # 50 # NULLABLE NON_REQUIRED #</Process><Process Name="Add Field (6)" ToolSource="c:\program files (x86)\arcgis\desktop10.1\ArcToolbox\Toolboxes\Data Management Tools.tbx\AddField" Date="20150629" Time="141232">AddField \\os.uga.edu\onu-ocha\working\Process_Files\CODServices\CreateTemplateGDB\XXX_AdminBoundaries_working.gdb\Data_Layers\Admin1 date DATE # # # # NULLABLE NON_REQUIRED #</Process><Process Name="Add Field (6)" ToolSource="c:\program files (x86)\arcgis\desktop10.1\ArcToolbox\Toolboxes\Data Management Tools.tbx\AddField" Date="20150629" Time="141233">AddField \\os.uga.edu\onu-ocha\working\Process_Files\CODServices\CreateTemplateGDB\XXX_AdminBoundaries_working.gdb\Data_Layers\Admin1 validOn DATE # # # # NULLABLE NON_REQUIRED #</Process><Process Name="Add Field (6)" ToolSource="c:\program files (x86)\arcgis\desktop10.1\ArcToolbox\Toolboxes\Data Management Tools.tbx\AddField" Date="20150629" Time="141234">AddField \\os.uga.edu\onu-ocha\working\Process_Files\CODServices\CreateTemplateGDB\XXX_AdminBoundaries_working.gdb\Data_Layers\Admin1 validTo DATE # # # # NULLABLE NON_REQUIRED #</Process><Process ToolSource="c:\program files (x86)\arcgis\desktop10.1\ArcToolbox\Toolboxes\Data Management Tools.tbx\Merge" Date="20150902" Time="162914">Merge K:\working\Process_Files\CODServices\COD_YEM\Data_Cleanup\YEM_AdminBoundaries_working.gdb\Data_Layers\Admin1;K:\working\Process_Files\CODServices\COD_YEM\Data_Cleanup\YEM_AdminBoundaries_working.gdb\Data_Layers\Admin_Union_1 K:\working\Process_Files\CODServices\COD_YEM\Data_Cleanup\YEM_AdminBoundaries_working.gdb\Data_Layers\Admin1_new "admin1Name_en "admin1Name_en" true true false 50 Text 0 0 ,First,#,K:\working\Process_Files\CODServices\COD_YEM\Data_Cleanup\YEM_AdminBoundaries_working.gdb\Data_Layers\Admin1,admin1Name_en,-1,-1,K:\working\Process_Files\CODServices\COD_YEM\Data_Cleanup\YEM_AdminBoundaries_working.gdb\Data_Layers\Admin_Union_1,admin1Name_en,-1,-1;admin1Name_fr "admin1Name_fr" true true false 50 Text 0 0 ,First,#,K:\working\Process_Files\CODServices\COD_YEM\Data_Cleanup\YEM_AdminBoundaries_working.gdb\Data_Layers\Admin1,admin1Name_fr,-1,-1;admin1Name_ar "admin1Name_ar" true true false 50 Text 0 0 ,First,#,K:\working\Process_Files\CODServices\COD_YEM\Data_Cleanup\YEM_AdminBoundaries_working.gdb\Data_Layers\Admin1,admin1Name_ar,-1,-1,K:\working\Process_Files\CODServices\COD_YEM\Data_Cleanup\YEM_AdminBoundaries_working.gdb\Data_Layers\Admin_Union_1,admin1Name_ar,-1,-1;admin1Name_es "admin1Name_es" true true false 50 Text 0 0 ,First,#,K:\working\Process_Files\CODServices\COD_YEM\Data_Cleanup\YEM_AdminBoundaries_working.gdb\Data_Layers\Admin1,admin1Name_es,-1,-1;admin1Pcode "admin1Pcode" true true false 50 Text 0 0 ,First,#,K:\working\Process_Files\CODServices\COD_YEM\Data_Cleanup\YEM_AdminBoundaries_working.gdb\Data_Layers\Admin1,admin1Pcode,-1,-1,K:\working\Process_Files\CODServices\COD_YEM\Data_Cleanup\YEM_AdminBoundaries_working.gdb\Data_Layers\Admin_Union_1,admin1Pcode,-1,-1;admin1RefName "admin1RefName" true true false 50 Text 0 0 ,First,#,K:\working\Process_Files\CODServices\COD_YEM\Data_Cleanup\YEM_AdminBoundaries_working.gdb\Data_Layers\Admin1,admin1RefName,-1,-1;admin1AltName1_en "admin1AltName1_en" true true false 50 Text 0 0 ,First,#,K:\working\Process_Files\CODServices\COD_YEM\Data_Cleanup\YEM_AdminBoundaries_working.gdb\Data_Layers\Admin1,admin1AltName1_en,-1,-1;admin1AltName2_en "admin1AltName2_en" true true false 50 Text 0 0 ,First,#,K:\working\Process_Files\CODServices\COD_YEM\Data_Cleanup\YEM_AdminBoundaries_working.gdb\Data_Layers\Admin1,admin1AltName2_en,-1,-1;admin1AltName1_fr "admin1AltName1_fr" true true false 50 Text 0 0 ,First,#,K:\working\Process_Files\CODServices\COD_YEM\Data_Cleanup\YEM_AdminBoundaries_working.gdb\Data_Layers\Admin1,admin1AltName1_fr,-1,-1;admin1AltName2_fr "admin1AltName2_fr" true true false 50 Text 0 0 ,First,#,K:\working\Process_Files\CODServices\COD_YEM\Data_Cleanup\YEM_AdminBoundaries_working.gdb\Data_Layers\Admin1,admin1AltName2_fr,-1,-1;admin1AltName1_ar "admin1AltName1_ar" true true false 50 Text 0 0 ,First,#,K:\working\Process_Files\CODServices\COD_YEM\Data_Cleanup\YEM_AdminBoundaries_working.gdb\Data_Layers\Admin1,admin1AltName1_ar,-1,-1;admin1AltName2_ar "admin1AltName2_ar" true true false 50 Text 0 0 ,First,#,K:\working\Process_Files\CODServices\COD_YEM\Data_Cleanup\YEM_AdminBoundaries_working.gdb\Data_Layers\Admin1,admin1AltName2_ar,-1,-1;admin1AltName1_es "admin1AltName1_es" true true false 50 Text 0 0 ,First,#,K:\working\Process_Files\CODServices\COD_YEM\Data_Cleanup\YEM_AdminBoundaries_working.gdb\Data_Layers\Admin1,admin1AltName1_es,-1,-1;admin1AltName2_es "admin1AltName2_es" true true false 50 Text 0 0 ,First,#,K:\working\Process_Files\CODServices\COD_YEM\Data_Cleanup\YEM_AdminBoundaries_working.gdb\Data_Layers\Admin1,admin1AltName2_es,-1,-1;admin0Name_en "admin0Name_en" true true false 50 Text 0 0 ,First,#,K:\working\Process_Files\CODServices\COD_YEM\Data_Cleanup\YEM_AdminBoundaries_working.gdb\Data_Layers\Admin1,admin0Name_en,-1,-1,K:\working\Process_Files\CODServices\COD_YEM\Data_Cleanup\YEM_AdminBoundaries_working.gdb\Data_Layers\Admin_Union_1,admin0Name_en,-1,-1;admin0Name_fr "admin0Name_fr" true true false 50 Text 0 0 ,First,#,K:\working\Process_Files\CODServices\COD_YEM\Data_Cleanup\YEM_AdminBoundaries_working.gdb\Data_Layers\Admin1,admin0Name_fr,-1,-1;admin0Name_ar "admin0Name_ar" true true false 50 Text 0 0 ,First,#,K:\working\Process_Files\CODServices\COD_YEM\Data_Cleanup\YEM_AdminBoundaries_working.gdb\Data_Layers\Admin1,admin0Name_ar,-1,-1,K:\working\Process_Files\CODServices\COD_YEM\Data_Cleanup\YEM_AdminBoundaries_working.gdb\Data_Layers\Admin_Union_1,admin0Name_ar,-1,-1;admin0Name_es "admin0Name_es" true true false 50 Text 0 0 ,First,#,K:\working\Process_Files\CODServices\COD_YEM\Data_Cleanup\YEM_AdminBoundaries_working.gdb\Data_Layers\Admin1,admin0Name_es,-1,-1;admin0Pcode "admin0Pcode" true true false 50 Text 0 0 ,First,#,K:\working\Process_Files\CODServices\COD_YEM\Data_Cleanup\YEM_AdminBoundaries_working.gdb\Data_Layers\Admin1,admin0Pcode,-1,-1,K:\working\Process_Files\CODServices\COD_YEM\Data_Cleanup\YEM_AdminBoundaries_working.gdb\Data_Layers\Admin_Union_1,admin0Pcode,-1,-1;date "date" true true false 8 Date 0 0 ,First,#,K:\working\Process_Files\CODServices\COD_YEM\Data_Cleanup\YEM_AdminBoundaries_working.gdb\Data_Layers\Admin1,date,-1,-1,K:\working\Process_Files\CODServices\COD_YEM\Data_Cleanup\YEM_AdminBoundaries_working.gdb\Data_Layers\Admin_Union_1,date,-1,-1;validOn "validOn" true true false 8 Date 0 0 ,First,#,K:\working\Process_Files\CODServices\COD_YEM\Data_Cleanup\YEM_AdminBoundaries_working.gdb\Data_Layers\Admin1,validOn,-1,-1;validTo "validTo" true true false 8 Date 0 0 ,First,#,K:\working\Process_Files\CODServices\COD_YEM\Data_Cleanup\YEM_AdminBoundaries_working.gdb\Data_Layers\Admin1,validTo,-1,-1;Shape_Length "Shape_Length" false true true 8 Double 0 0 ,First,#,K:\working\Process_Files\CODServices\COD_YEM\Data_Cleanup\YEM_AdminBoundaries_working.gdb\Data_Layers\Admin1,Shape_Length,-1,-1,K:\working\Process_Files\CODServices\COD_YEM\Data_Cleanup\YEM_AdminBoundaries_working.gdb\Data_Layers\Admin_Union_1,Shape_Length,-1,-1;Shape_Area "Shape_Area" false true true 8 Double 0 0 ,First,#,K:\working\Process_Files\CODServices\COD_YEM\Data_Cleanup\YEM_AdminBoundaries_working.gdb\Data_Layers\Admin1,Shape_Area,-1,-1,K:\working\Process_Files\CODServices\COD_YEM\Data_Cleanup\YEM_AdminBoundaries_working.gdb\Data_Layers\Admin_Union_1,Shape_Area,-1,-1"</Process><Process ToolSource="c:\program files (x86)\arcgis\desktop10.1\ArcToolbox\Toolboxes\Data Management Tools.tbx\CalculateField" Date="20150902" Time="165518">CalculateField Admin1_new admin1RefName [admin1Name_en] VB #</Process></lineage><itemProps><itemLocation><linkage Sync="TRUE">file://\\ROBERT_PC\Users\Robert\Documents\OCHA-ITOS\Country\YMN\ITOS_Pre_candiadate\Admin1.shp</linkage><protocol Sync="TRUE">Local Area Network</protocol></itemLocation><itemName Sync="TRUE">Admin1</itemName><imsContentType Sync="TRUE">002</imsContentType><nativeExtBox><westBL Sync="TRUE">41.816048</westBL><eastBL Sync="TRUE">54.530539</eastBL><southBL Sync="TRUE">12.111091</southBL><northBL Sync="TRUE">18.999999</northBL><exTypeCode Sync="TRUE">1</exTypeCode></nativeExtBox><itemSize Sync="TRUE">0.000</itemSize></itemProps><coordRef><type Sync="TRUE">Geographic</type><geogcsn Sync="TRUE">GCS_WGS_1984</geogcsn><csUnits Sync="TRUE">Angular Unit: Degree (0.017453)</csUnits><peXml Sync="TRUE">&lt;GeographicCoordinateSystem xsi:type='typens:GeographicCoordinateSystem' xmlns:xsi='http://www.w3.org/2001/XMLSchema-instance' xmlns:xs='http://www.w3.org/2001/XMLSchema' xmlns:typens='http://www.esri.com/schemas/ArcGIS/10.1'&gt;&lt;WKT&gt;GEOGCS[&amp;quot;GCS_WGS_1984&amp;quot;,DATUM[&amp;quot;D_WGS_1984&amp;quot;,SPHEROID[&amp;quot;WGS_1984&amp;quot;,6378137.0,298.257223563]],PRIMEM[&amp;quot;Greenwich&amp;quot;,0.0],UNIT[&amp;quot;Degree&amp;quot;,0.0174532925199433],AUTHORITY[&amp;quot;EPSG&amp;quot;,4326]]&lt;/WKT&gt;&lt;XOrigin&gt;-400&lt;/XOrigin&gt;&lt;YOrigin&gt;-400&lt;/YOrigin&gt;&lt;XYScale&gt;11258999068426.238&lt;/XYScale&gt;&lt;ZOrigin&gt;-100000&lt;/ZOrigin&gt;&lt;ZScale&gt;10000&lt;/ZScale&gt;&lt;MOrigin&gt;-100000&lt;/MOrigin&gt;&lt;MScale&gt;10000&lt;/MScale&gt;&lt;XYTolerance&gt;8.983152841195215e-009&lt;/XYTolerance&gt;&lt;ZTolerance&gt;0.001&lt;/ZTolerance&gt;&lt;MTolerance&gt;0.001&lt;/MTolerance&gt;&lt;HighPrecision&gt;true&lt;/HighPrecision&gt;&lt;LeftLongitude&gt;-180&lt;/LeftLongitude&gt;&lt;WKID&gt;4326&lt;/WKID&gt;&lt;LatestWKID&gt;4326&lt;/LatestWKID&gt;&lt;/GeographicCoordinateSystem&gt;</peXml></coordRef></DataProperties><SyncDate>20151116</SyncDate><SyncTime>10000100</SyncTime><ModDate>20151116</ModDate><ModTime>10000100</ModTime></Esri><dataIdInfo><envirDesc Sync="TRUE">Microsoft Windows 7 Version 6.1 (Build 7601) Service Pack 1; Esri ArcGIS 10.2.2.3552</envirDesc><dataLang><languageCode value="spa" Sync="TRUE"></languageCode><countryCode value="ESP" Sync="TRUE"></countryCode></dataLang><idCitation><resTitle Sync="TRUE">Admin1</resTitle><presForm><PresFormCd value="005" Sync="TRUE"></PresFormCd></presForm></idCitation><spatRpType><SpatRepTypCd value="001" Sync="TRUE"></SpatRepTypCd></spatRpType><dataExt><geoEle><GeoBndBox esriExtentType="search"><exTypeCode Sync="TRUE">1</exTypeCode><westBL Sync="TRUE">41.816048</westBL><eastBL Sync="TRUE">54.530539</eastBL><northBL Sync="TRUE">18.999999</northBL><southBL Sync="TRUE">12.111091</southBL></GeoBndBox></geoEle></dataExt></dataIdInfo><mdLang><languageCode value="spa" Sync="TRUE"></languageCode><countryCode value="ESP" Sync="TRUE"></countryCode></mdLang><distInfo><distFormat><formatName Sync="TRUE">Shapefile</formatName></distFormat><distTranOps><transSize Sync="TRUE">0.000</transSize></distTranOps></distInfo><mdHrLv><ScopeCd value="005" Sync="TRUE"></ScopeCd></mdHrLv><mdHrLvName Sync="TRUE">dataset</mdHrLvName><refSysInfo><RefSystem><refSysID><identCode code="4326" Sync="TRUE"></identCode><idCodeSpace Sync="TRUE">EPSG</idCodeSpace><idVersion Sync="TRUE">8.2.6</idVersion></refSysID></RefSystem></refSysInfo><spatRepInfo><VectSpatRep><geometObjs Name="Admin1"><geoObjTyp><GeoObjTypCd value="002" Sync="TRUE"></GeoObjTypCd></geoObjTyp><geoObjCnt Sync="TRUE">0</geoObjCnt></geometObjs><topLvl><TopoLevCd value="001" Sync="TRUE"></TopoLevCd></topLvl></VectSpatRep></spatRepInfo><spdoinfo><ptvctinf><esriterm Name="Admin1"><efeatyp Sync="TRUE">Simple</efeatyp><efeageom code="4" Sync="TRUE"></efeageom><esritopo Sync="TRUE">FALSE</esritopo><efeacnt Sync="TRUE">0</efeacnt><spindex Sync="TRUE">FALSE</spindex><linrefer Sync="TRUE">FALSE</linrefer></esriterm></ptvctinf></spdoinfo><eainfo><detailed Name="Admin1"><enttyp><enttypl Sync="TRUE">Admin1</enttypl><enttypt Sync="TRUE">Feature Class</enttypt><enttypc Sync="TRUE">0</enttypc></enttyp><attr><attrlabl Sync="TRUE">FID</attrlabl><attalias Sync="TRUE">FID</attalias><attrtype Sync="TRUE">OID</attrtype><attwidth Sync="TRUE">4</attwidth><atprecis Sync="TRUE">0</atprecis><attscale Sync="TRUE">0</attscale><attrdef Sync="TRUE">Internal feature number.</attrdef><attrdefs Sync="TRUE">Esri</attrdefs><attrdomv><udom Sync="TRUE">Sequential unique whole numbers that are automatically generated.</udom></attrdomv></attr><attr><attrlabl Sync="TRUE">Shape</attrlabl><attalias Sync="TRUE">Shape</attalias><attrtype Sync="TRUE">Geometry</attrtype><attwidth Sync="TRUE">0</attwidth><atprecis Sync="TRUE">0</atprecis><attscale Sync="TRUE">0</attscale><attrdef Sync="TRUE">Feature geometry.</attrdef><attrdefs Sync="TRUE">Esri</attrdefs><attrdomv><udom Sync="TRUE">Coordinates defining the features.</udom></attrdomv></attr><attr><attrlabl Sync="TRUE">admin1Name</attrlabl><attalias Sync="TRUE">admin1Name</attalias><attrtype Sync="TRUE">String</attrtype><attwidth Sync="TRUE">50</attwidth><atprecis Sync="TRUE">0</atprecis><attscale Sync="TRUE">0</attscale></attr><attr><attrlabl Sync="TRUE">admin1Na_1</attrlabl><attalias Sync="TRUE">admin1Na_1</attalias><attrtype Sync="TRUE">String</attrtype><attwidth Sync="TRUE">50</attwidth><atprecis Sync="TRUE">0</atprecis><attscale Sync="TRUE">0</attscale></attr><attr><attrlabl Sync="TRUE">admin1Pcod</attrlabl><attalias Sync="TRUE">admin1Pcod</attalias><attrtype Sync="TRUE">String</attrtype><attwidth Sync="TRUE">50</attwidth><atprecis Sync="TRUE">0</atprecis><attscale Sync="TRUE">0</attscale></attr><attr><attrlabl Sync="TRUE">admin1RefN</attrlabl><attalias Sync="TRUE">admin1RefN</attalias><attrtype Sync="TRUE">String</attrtype><attwidth Sync="TRUE">50</attwidth><atprecis Sync="TRUE">0</atprecis><attscale Sync="TRUE">0</attscale></attr><attr><attrlabl Sync="TRUE">admin1AltN</attrlabl><attalias Sync="TRUE">admin1AltN</attalias><attrtype Sync="TRUE">String</attrtype><attwidth Sync="TRUE">50</attwidth><atprecis Sync="TRUE">0</atprecis><attscale Sync="TRUE">0</attscale></attr><attr><attrlabl Sync="TRUE">admin1Al_1</attrlabl><attalias Sync="TRUE">admin1Al_1</attalias><attrtype Sync="TRUE">String</attrtype><attwidth Sync="TRUE">50</attwidth><atprecis Sync="TRUE">0</atprecis><attscale Sync="TRUE">0</attscale></attr><attr><attrlabl Sync="TRUE">admin1Al_2</attrlabl><attalias Sync="TRUE">admin1Al_2</attalias><attrtype Sync="TRUE">String</attrtype><attwidth Sync="TRUE">50</attwidth><atprecis Sync="TRUE">0</atprecis><attscale Sync="TRUE">0</attscale></attr><attr><attrlabl Sync="TRUE">admin1Al_3</attrlabl><attalias Sync="TRUE">admin1Al_3</attalias><attrtype Sync="TRUE">String</attrtype><attwidth Sync="TRUE">50</attwidth><atprecis Sync="TRUE">0</atprecis><attscale Sync="TRUE">0</attscale></attr><attr><attrlabl Sync="TRUE">admin0Name</attrlabl><attalias Sync="TRUE">admin0Name</attalias><attrtype Sync="TRUE">String</attrtype><attwidth Sync="TRUE">50</attwidth><atprecis Sync="TRUE">0</atprecis><attscale Sync="TRUE">0</attscale></attr><attr><attrlabl Sync="TRUE">admin0Na_1</attrlabl><attalias Sync="TRUE">admin0Na_1</attalias><attrtype Sync="TRUE">String</attrtype><attwidth Sync="TRUE">50</attwidth><atprecis Sync="TRUE">0</atprecis><attscale Sync="TRUE">0</attscale></attr><attr><attrlabl Sync="TRUE">admin0Pcod</attrlabl><attalias Sync="TRUE">admin0Pcod</attalias><attrtype Sync="TRUE">String</attrtype><attwidth Sync="TRUE">50</attwidth><atprecis Sync="TRUE">0</atprecis><attscale Sync="TRUE">0</attscale></attr><attr><attrlabl Sync="TRUE">date</attrlabl><attalias Sync="TRUE">date</attalias><attrtype Sync="TRUE">Date</attrtype><attwidth Sync="TRUE">8</attwidth><atprecis Sync="TRUE">0</atprecis><attscale Sync="TRUE">0</attscale></attr><attr><attrlabl Sync="TRUE">validOn</attrlabl><attalias Sync="TRUE">validOn</attalias><attrtype Sync="TRUE">Date</attrtype><attwidth Sync="TRUE">8</attwidth><atprecis Sync="TRUE">0</atprecis><attscale Sync="TRUE">0</attscale></attr><attr><attrlabl Sync="TRUE">validTo</attrlabl><attalias Sync="TRUE">validTo</attalias><attrtype Sync="TRUE">Date</attrtype><attwidth Sync="TRUE">8</attwidth><atprecis Sync="TRUE">0</atprecis><attscale Sync="TRUE">0</attscale></attr><attr><attrlabl Sync="TRUE">Shape_Leng</attrlabl><attalias Sync="TRUE">Shape_Leng</attalias><attrtype Sync="TRUE">Double</attrtype><attwidth Sync="TRUE">19</attwidth><atprecis Sync="TRUE">0</atprecis><attscale Sync="TRUE">0</attscale></attr><attr><attrlabl Sync="TRUE">Shape_Area</attrlabl><attalias Sync="TRUE">Shape_Area</attalias><attrtype Sync="TRUE">Double</attrtype><attwidth Sync="TRUE">19</attwidth><atprecis Sync="TRUE">0</atprecis><attscale Sync="TRUE">0</attscale><attrdef Sync="TRUE">Area of feature in internal units squared.</attrdef><attrdefs Sync="TRUE">Esri</attrdefs><attrdomv><udom Sync="TRUE">Positive real numbers that are automatically generated.</udom></attrdomv></attr></detailed></eainfo><mdDateSt Sync="TRUE">20151116</mdDateSt></metadata>
